FlowCon Green;Tech Note DN15-40;https://ipaper.ipapercms.dk/FlowconInternational/ww/TechNote/FlowConGreen/;https://ipaper.ipapercms.dk/FlowconInternational/CH/TechNote/FlowConGreen/;https://ipaper.ipapercms.dk/FlowconInternational/ww/TechNote/FlowConGreen/;https://ipaper.ipapercms.dk/FlowconInternational/ww/TechNote/FlowConGreen/;https://ipaper.ipapercms.dk/FlowconInternational/ww/TechNote/FlowConGreen/;https://ipaper.ipapercms.dk/FlowconInternational/ww/TechNote/FlowConGreen/
;;;;;;;
;Tech Note DN40-50;https://ipaper.ipapercms.dk/FlowconInternational/ww/technote/FlowConGreen3/;https://ipaper.ipapercms.dk/FlowconInternational/CH/TechNote/FlowConGreenDN4050/;https://ipaper.ipapercms.dk/FlowconInternational/ww/technote/FlowConGreen3/;https://ipaper.ipapercms.dk/FlowconInternational/ww/technote/FlowConGreen3/;https://ipaper.ipapercms.dk/FlowconInternational/ww/technote/FlowConGreen3/;https://ipaper.ipapercms.dk/FlowconInternational/ww/technote/FlowConGreen3/
;;;;;;;
;Instruction DN15-40;https://ipaper.ipapercms.dk/FlowconInternational/ww/Instructions/FlowConGreen/;https://ipaper.ipapercms.dk/FlowconInternational/CH/Instructions/FlowConGreen/;https://ipaper.ipapercms.dk/FlowconInternational/ww/Instructions/FlowConGreen/;https://ipaper.ipapercms.dk/FlowconInternational/ww/Instructions/FlowConGreen/;https://ipaper.ipapercms.dk/FlowconInternational/ww/Instructions/FlowConGreen/;https://ipaper.ipapercms.dk/FlowconInternational/ww/Instructions/FlowConGreen/
;;;;;;;
;Instruction DN40-50;https://ipaper.ipapercms.dk/FlowconInternational/ww/Instructions/FlowConGreen3/;https://ipaper.ipapercms.dk/FlowconInternational/CH/Instructions/FlowConGreen3/;https://ipaper.ipapercms.dk/FlowconInternational/ww/Instructions/FlowConGreen3/;https://ipaper.ipapercms.dk/FlowconInternational/ww/Instructions/FlowConGreen3/;https://ipaper.ipapercms.dk/FlowconInternational/ww/Instructions/FlowConGreen3/;https://ipaper.ipapercms.dk/FlowconInternational/ww/Instructions/FlowConGreen3/
;;;;;;;
;Instruction FN act.;https://ipaper.ipapercms.dk/FlowconInternational/WW/instructions/FlowConFN02/;https://ipaper.ipapercms.dk/FlowconInternational/ch/instructions/FlowConFN02/;https://ipaper.ipapercms.dk/FlowconInternational/WW/instructions/FlowConFN02/;https://ipaper.ipapercms.dk/FlowconInternational/WW/instructions/FlowConFN02/;https://ipaper.ipapercms.dk/FlowconInternational/WW/instructions/FlowConFN02/;https://ipaper.ipapercms.dk/FlowconInternational/WW/instructions/FlowConFN02/
;;;;;;;
;Instruction FH act.;https://ipaper.ipapercms.dk/FlowconInternational/WW/instructions/FlowConFH/;https://ipaper.ipapercms.dk/FlowconInternational/ch/instructions/FlowConFH/;https://ipaper.ipapercms.dk/FlowconInternational/WW/instructions/FlowConFH/;https://ipaper.ipapercms.dk/FlowconInternational/WW/instructions/FlowConFH/;https://ipaper.ipapercms.dk/FlowconInternational/WW/instructions/FlowConFH/;https://ipaper.ipapercms.dk/FlowconInternational/WW/instructions/FlowConFH/
;;;;;;;
;General Instruction;https://ipaper.ipapercms.dk/FlowconInternational/ww/Instructions/FlowCon-general/;https://ipaper.ipapercms.dk/FlowconInternational/CH/Instructions/FlowCon-general-instruction/;https://ipaper.ipapercms.dk/FlowconInternational/ww/Instructions/FlowCon-general/;https://ipaper.ipapercms.dk/FlowconInternational/ww/Instructions/FlowCon-general/;https://ipaper.ipapercms.dk/FlowconInternational/ww/Instructions/FlowCon-general/;https://ipaper.ipapercms.dk/FlowconInternational/ww/Instructions/FlowCon-general/
;;;;;;;
;Animation;https://youtu.be/Q5rGyFGlmmQ;https://go.plvideo.cn/front/video/view?vid=8d08c542d53964baf964e35e1a558a5f_8;https://youtu.be/Wl86U1G4kyI;https://youtu.be/bF_O5INuyA4;https://youtu.be/Q5rGyFGlmmQ;https://youtu.be/aa5iZNRlWmU
;;;;;;;
;Brochure  DN15-40;https://ipaper.ipapercms.dk/FlowconInternational/ww/Brochure/FlowConGreen/;https://ipaper.ipapercms.dk/FlowconInternational/ch/Brochure/FlowConGreen/;https://ipaper.ipapercms.dk/FlowconInternational/ww/Brochure/FlowConGreen/;https://ipaper.ipapercms.dk/FlowconInternational/ww/Brochure/FlowConGreen/;https://ipaper.ipapercms.dk/FlowconInternational/ww/Brochure/FlowConGreen/;https://ipaper.ipapercms.dk/FlowconInternational/ww/Brochure/FlowConGreen/
;;;;;;;
;Brochure DN40-50;https://ipaper.ipapercms.dk/FlowconInternational/ww/Brochure/FlowConGreen3/;https://ipaper.ipapercms.dk/FlowconInternational/ch/Brochure/FlowConGreen3/;https://ipaper.ipapercms.dk/FlowconInternational/ww/Brochure/FlowConGreen3/;https://ipaper.ipapercms.dk/FlowconInternational/ww/Brochure/FlowConGreen3/;https://ipaper.ipapercms.dk/FlowconInternational/ww/Brochure/FlowConGreen3/;https://ipaper.ipapercms.dk/FlowconInternational/ww/Brochure/FlowConGreen3/
;;;;;;;
;Image;https://flowcon.com/fileadmin/user_upload/Pictures/App/FlowCon-Green.png;;;;;
;;;;;;;
FlowCon GreEQ;Tech Note;https://ipaper.ipapercms.dk/FlowconInternational/ww/TechNote/FlowConGreEQ/;https://ipaper.ipapercms.dk/FlowconInternational/ch/TechNote/FlowConGreEQ/;https://ipaper.ipapercms.dk/FlowconInternational/ww/TechNote/FlowConGreEQ/;https://ipaper.ipapercms.dk/FlowconInternational/ww/TechNote/FlowConGreEQ/;https://ipaper.ipapercms.dk/FlowconInternational/ww/TechNote/FlowConGreEQ/;https://ipaper.ipapercms.dk/FlowconInternational/ww/TechNote/FlowConGreEQ/
;;;;;;;
;Instruction;https://ipaper.ipapercms.dk/FlowconInternational/ww/Instructions/FlowConGreEQ/;https://ipaper.ipapercms.dk/FlowconInternational/ch/Instructions/FlowConGreEQ/;https://ipaper.ipapercms.dk/FlowconInternational/ww/Instructions/FlowConGreEQ/;https://ipaper.ipapercms.dk/FlowconInternational/ww/Instructions/FlowConGreEQ/;https://ipaper.ipapercms.dk/FlowconInternational/ww/Instructions/FlowConGreEQ/;https://ipaper.ipapercms.dk/FlowconInternational/ww/Instructions/FlowConGreEQ/
;;;;;;;
;Instruction FNR act.;https://ipaper.ipapercms.dk/FlowconInternational/WW/instructions/FlowConFNR/;https://ipaper.ipapercms.dk/FlowconInternational/ch/instructions/FlowConFNR/;https://ipaper.ipapercms.dk/FlowconInternational/WW/instructions/FlowConFNR/;https://ipaper.ipapercms.dk/FlowconInternational/WW/instructions/FlowConFNR/;https://ipaper.ipapercms.dk/FlowconInternational/WW/instructions/FlowConFNR/;https://ipaper.ipapercms.dk/FlowconInternational/WW/instructions/FlowConFNR/
;;;;;;;
;General Instruction;https://ipaper.ipapercms.dk/FlowconInternational/ww/Instructions/FlowCon-general/;https://ipaper.ipapercms.dk/FlowconInternational/CH/Instructions/FlowCon-general-instruction/;https://ipaper.ipapercms.dk/FlowconInternational/ww/Instructions/FlowCon-general/;https://ipaper.ipapercms.dk/FlowconInternational/ww/Instructions/FlowCon-general/;https://ipaper.ipapercms.dk/FlowconInternational/ww/Instructions/FlowCon-general/;https://ipaper.ipapercms.dk/FlowconInternational/ww/Instructions/FlowCon-general/
;;;;;;;
;Animation;;;;;;
;;;;;;;
;Brochure;https://ipaper.ipapercms.dk/FlowconInternational/ww/Brochure/FlowConGreen/;https://ipaper.ipapercms.dk/FlowconInternational/ch/Brochure/FlowConGreen/;https://ipaper.ipapercms.dk/FlowconInternational/ww/Brochure/FlowConGreen/;https://ipaper.ipapercms.dk/FlowconInternational/ww/Brochure/FlowConGreen/;https://ipaper.ipapercms.dk/FlowconInternational/ww/Brochure/FlowConGreen/;https://ipaper.ipapercms.dk/FlowconInternational/ww/Brochure/FlowConGreen/
;;;;;;;
;Image;https://flowcon.com/fileadmin/user_upload/Pictures/App/FlowCon-GreEQ.png;;;;;
;;;;;;;
FlowCon SM;Tech Note DN15-40;https://ipaper.ipapercms.dk/FlowconInternational/ww/TechNote/FlowConSMDN1540/;https://ipaper.ipapercms.dk/FlowconInternational/ch/TechNote/FlowConSMDN1540/;https://ipaper.ipapercms.dk/FlowconInternational/ww/TechNote/FlowConSMDN1540/;https://ipaper.ipapercms.dk/FlowconInternational/ww/TechNote/FlowConSMDN1540/;https://ipaper.ipapercms.dk/FlowconInternational/ww/TechNote/FlowConSMDN1540/;https://ipaper.ipapercms.dk/FlowconInternational/ww/TechNote/FlowConSMDN1540/
;;;;;;;
;Tech Note DN50-250;https://ipaper.ipapercms.dk/FlowconInternational/ww/TechNote/FlowConSMDN50150/;https://ipaper.ipapercms.dk/FlowconInternational/ch/TechNote/FlowConSMDN50150/;https://ipaper.ipapercms.dk/FlowconInternational/ww/TechNote/FlowConSMDN50150/;https://ipaper.ipapercms.dk/FlowconInternational/ww/TechNote/FlowConSMDN50150/;https://ipaper.ipapercms.dk/FlowconInternational/ww/TechNote/FlowConSMDN50150/;https://ipaper.ipapercms.dk/FlowconInternational/ww/TechNote/FlowConSMDN50150/
;;;;;;;
;Instruction;https://ipaper.ipapercms.dk/FlowconInternational/ww/Instructions/FlowConSM/;https://ipaper.ipapercms.dk/FlowconInternational/ch/Instructions/FlowConSM/;https://ipaper.ipapercms.dk/FlowconInternational/ww/Instructions/FlowConSM/;https://ipaper.ipapercms.dk/FlowconInternational/ww/Instructions/FlowConSM/;https://ipaper.ipapercms.dk/FlowconInternational/ww/Instructions/FlowConSM/;https://ipaper.ipapercms.dk/FlowconInternational/ww/Instructions/FlowConSM/
;;;;;;;
;Instruction BACnet;https://ipaper.ipapercms.dk/FlowconInternational/WW/Instructions/FlowConSMDN15150BACnet/;https://ipaper.ipapercms.dk/FlowconInternational/ch/Instructions/FlowConSMDN15150BACnet/;https://ipaper.ipapercms.dk/FlowconInternational/WW/Instructions/FlowConSMDN15150BACnet/;https://ipaper.ipapercms.dk/FlowconInternational/WW/Instructions/FlowConSMDN15150BACnet/;https://ipaper.ipapercms.dk/FlowconInternational/WW/Instructions/FlowConSMDN15150BACnet/;https://ipaper.ipapercms.dk/FlowconInternational/WW/Instructions/FlowConSMDN15150BACnet/
;;;;;;;
;General Instruction;https://ipaper.ipapercms.dk/FlowconInternational/ww/Instructions/FlowCon-general/;https://ipaper.ipapercms.dk/FlowconInternational/CH/Instructions/FlowCon-general-instruction/;https://ipaper.ipapercms.dk/FlowconInternational/ww/Instructions/FlowCon-general/;https://ipaper.ipapercms.dk/FlowconInternational/ww/Instructions/FlowCon-general/;https://ipaper.ipapercms.dk/FlowconInternational/ww/Instructions/FlowCon-general/;https://ipaper.ipapercms.dk/FlowconInternational/ww/Instructions/FlowCon-general/
;;;;;;;
;Animation Valve;https://youtu.be/hERJZKrHg28;https://go.plvideo.cn/front/video/view?vid=8d08c542d5b232102312126fcd577df1_8;https://youtu.be/o8HOHW-LO_s;https://youtu.be/D3HfqTYLQeE;https://youtu.be/hERJZKrHg28;https://youtu.be/L0zvFHjSDQE
;;;;;;;
;Animation Actuator;https://youtu.be/6dou_aICTlY;https://go.plvideo.cn/front/video/view?vid=8d08c542d5f1bf7ae9ceee7a070551bb_8;https://youtu.be/kN4bkM_EiA4;https://youtu.be/SjZKrsuA__Q;https://youtu.be/6dou_aICTlY;https://youtu.be/ybkjAqXS304
;;;;;;;
;Brochure;https://ipaper.ipapercms.dk/FlowconInternational/WW/Brochure/FlowConSM/;https://ipaper.ipapercms.dk/FlowconInternational/ch/Brochure/FlowConSM/;https://ipaper.ipapercms.dk/FlowconInternational/WW/Brochure/FlowConSM/;https://ipaper.ipapercms.dk/FlowconInternational/WW/Brochure/FlowConSM/;https://ipaper.ipapercms.dk/FlowconInternational/WW/Brochure/FlowConSM/;https://ipaper.ipapercms.dk/FlowconInternational/WW/Brochure/FlowConSM/
;;;;;;;
;Image;https://flowcon.com/fileadmin/user_upload/Pictures/App/FlowCon-SM.png;;;;;
;;;;;;;
FlowCon Essentia;Tech Note;https://ipaper.ipapercms.dk/FlowconInternational/ww/TechNote/FlowConessentia/;https://ipaper.ipapercms.dk/FlowconInternational/ch/TechNote/FlowConessentia/;https://ipaper.ipapercms.dk/FlowconInternational/ww/TechNote/FlowConessentia/;https://ipaper.ipapercms.dk/FlowconInternational/ww/TechNote/FlowConessentia/;https://ipaper.ipapercms.dk/FlowconInternational/ww/TechNote/FlowConessentia/;https://ipaper.ipapercms.dk/FlowconInternational/ww/TechNote/FlowConessentia/
;;;;;;;
;Instruction;https://ipaper.ipapercms.dk/FlowconInternational/ww/Instructions/FlowConessentia/;https://ipaper.ipapercms.dk/FlowconInternational/ch/Instructions/FlowConessentia/;https://ipaper.ipapercms.dk/FlowconInternational/ww/Instructions/FlowConessentia/;https://ipaper.ipapercms.dk/FlowconInternational/ww/Instructions/FlowConessentia/;https://ipaper.ipapercms.dk/FlowconInternational/ww/Instructions/FlowConessentia/;https://ipaper.ipapercms.dk/FlowconInternational/ww/Instructions/FlowConessentia/
;;;;;;;
;Instruction EV act.;https://ipaper.ipapercms.dk/FlowconInternational/WW/instructions/FlowConEV/;https://ipaper.ipapercms.dk/FlowconInternational/ch/instructions/FlowConEV/;https://ipaper.ipapercms.dk/FlowconInternational/WW/instructions/FlowConEV/;https://ipaper.ipapercms.dk/FlowconInternational/WW/instructions/FlowConEV/;https://ipaper.ipapercms.dk/FlowconInternational/WW/instructions/FlowConEV/;https://ipaper.ipapercms.dk/FlowconInternational/WW/instructions/FlowConEV/
;;;;;;;
;General Instruction;https://ipaper.ipapercms.dk/FlowconInternational/ww/Instructions/FlowCon-general/;https://ipaper.ipapercms.dk/FlowconInternational/CH/Instructions/FlowCon-general-instruction/;https://ipaper.ipapercms.dk/FlowconInternational/ww/Instructions/FlowCon-general/;https://ipaper.ipapercms.dk/FlowconInternational/ww/Instructions/FlowCon-general/;https://ipaper.ipapercms.dk/FlowconInternational/ww/Instructions/FlowCon-general/;https://ipaper.ipapercms.dk/FlowconInternational/ww/Instructions/FlowCon-general/
;;;;;;;
;Animation;https://youtu.be/g_x77QkC5EM;https://go.plvideo.cn/front/video/view?vid=8d08c542d5806428d781c63167874daa_8;https://youtu.be/3M-9BqtGJxw;https://youtu.be/g_x77QkC5EM;https://youtu.be/g_x77QkC5EM;https://youtu.be/XTiU55oZDeY
;;;;;;;
;Brochure;https://ipaper.ipapercms.dk/FlowconInternational/WW/Brochure/FlowConessentia/;https://ipaper.ipapercms.dk/FlowconInternational/ch/Brochure/FlowConessentia/;https://ipaper.ipapercms.dk/FlowconInternational/WW/Brochure/FlowConessentia/;https://ipaper.ipapercms.dk/FlowconInternational/WW/Brochure/FlowConessentia/;https://ipaper.ipapercms.dk/FlowconInternational/WW/Brochure/FlowConessentia/;https://ipaper.ipapercms.dk/FlowconInternational/WW/Brochure/FlowConessentia/
;;;;;;;
;Image;https://flowcon.com/fileadmin/user_upload/Pictures/App/FlowCon-Essentia.png;;;;;
;;;;;;;
FlowCon FIT;Tech FITG DN15-50;https://ipaper.ipapercms.dk/FlowconInternational/ww/TechNote/FlowConFITG/;https://ipaper.ipapercms.dk/FlowconInternational/CH/TechNote/FlowConFITG/;https://ipaper.ipapercms.dk/FlowconInternational/ww/TechNote/FlowConFITG/;https://ipaper.ipapercms.dk/FlowconInternational/ww/TechNote/FlowConFITG/;https://ipaper.ipapercms.dk/FlowconInternational/ww/TechNote/FlowConFITG/;https://ipaper.ipapercms.dk/FlowconInternational/ww/TechNote/FlowConFITG/
;;;;;;;
;Tech FIT DN15-40;https://ipaper.ipapercms.dk/FlowconInternational/ww/technote/FlowConFITS/;https://ipaper.ipapercms.dk/FlowconInternational/CH/TechNote/FlowConFITS/;https://ipaper.ipapercms.dk/FlowconInternational/ww/technote/FlowConFITS/;https://ipaper.ipapercms.dk/FlowconInternational/ww/technote/FlowConFITS/;https://ipaper.ipapercms.dk/FlowconInternational/ww/technote/FlowConFITS/;https://ipaper.ipapercms.dk/FlowconInternational/ww/technote/FlowConFITS/
;;;;;;;
;Tech FIT DN50-250;https://ipaper.ipapercms.dk/FlowconInternational/ww/TechNote/FlowConFIT/;https://ipaper.ipapercms.dk/FlowconInternational/ch/TechNote/FlowConFIT/;https://ipaper.ipapercms.dk/FlowconInternational/ww/TechNote/FlowConFIT/;https://ipaper.ipapercms.dk/FlowconInternational/ww/TechNote/FlowConFIT/;https://ipaper.ipapercms.dk/FlowconInternational/ww/TechNote/FlowConFIT/;https://ipaper.ipapercms.dk/FlowconInternational/ww/TechNote/FlowConFIT/
;;;;;;;
;Instruction FITG DN15-40;https://ipaper.ipapercms.dk/FlowconInternational/ww/Instructions/FlowConFITG1/;https://ipaper.ipapercms.dk/FlowconInternational/CH/Instructions/FlowConFITG1/;https://ipaper.ipapercms.dk/FlowconInternational/ww/Instructions/FlowConFITG1/;https://ipaper.ipapercms.dk/FlowconInternational/ww/Instructions/FlowConFITG1/;https://ipaper.ipapercms.dk/FlowconInternational/ww/Instructions/FlowConFITG1/;https://ipaper.ipapercms.dk/FlowconInternational/ww/Instructions/FlowConFITG1/
;;;;;;;
;Instruction FITG DN40-50;https://ipaper.ipapercms.dk/FlowconInternational/ww/Instructions/FlowConfitg2/;https://ipaper.ipapercms.dk/FlowconInternational/CH/Instructions/FlowConfitg2/;https://ipaper.ipapercms.dk/FlowconInternational/ww/Instructions/FlowConfitg2/;https://ipaper.ipapercms.dk/FlowconInternational/ww/Instructions/FlowConfitg2/;https://ipaper.ipapercms.dk/FlowconInternational/ww/Instructions/FlowConfitg2/;https://ipaper.ipapercms.dk/FlowconInternational/ww/Instructions/FlowConfitg2/
;;;;;;;
;Instruction FIT;https://ipaper.ipapercms.dk/FlowconInternational/WW/instructions/FlowConFIT/;https://ipaper.ipapercms.dk/FlowconInternational/ch/instructions/FlowConFIT/;https://ipaper.ipapercms.dk/FlowconInternational/WW/instructions/FlowConFIT/;https://ipaper.ipapercms.dk/FlowconInternational/WW/instructions/FlowConFIT/;https://ipaper.ipapercms.dk/FlowconInternational/WW/instructions/FlowConFIT/;https://ipaper.ipapercms.dk/FlowconInternational/WW/instructions/FlowConFIT/
;;;;;;;
;General Instruction;https://ipaper.ipapercms.dk/FlowconInternational/ww/Instructions/FlowCon-general/;https://ipaper.ipapercms.dk/FlowconInternational/CH/Instructions/FlowCon-general-instruction/;https://ipaper.ipapercms.dk/FlowconInternational/ww/Instructions/FlowCon-general/;https://ipaper.ipapercms.dk/FlowconInternational/ww/Instructions/FlowCon-general/;https://ipaper.ipapercms.dk/FlowconInternational/ww/Instructions/FlowCon-general/;https://ipaper.ipapercms.dk/FlowconInternational/ww/Instructions/FlowCon-general/
;;;;;;;
;Animation;;;;;;
;;;;;;;
;Brochure;https://ipaper.ipapercms.dk/FlowconInternational/WW/Brochure/FlowCon-FIT/;https://ipaper.ipapercms.dk/FlowconInternational/ch/Brochure/FlowCon-FIT/;https://ipaper.ipapercms.dk/FlowconInternational/WW/Brochure/FlowCon-FIT/;https://ipaper.ipapercms.dk/FlowconInternational/WW/Brochure/FlowCon-FIT/;https://ipaper.ipapercms.dk/FlowconInternational/WW/Brochure/FlowCon-FIT/;https://ipaper.ipapercms.dk/FlowconInternational/WW/Brochure/FlowCon-FIT/
;;;;;;;
;Image;https://flowcon.com/fileadmin/user_upload/Pictures/App/FlowCon-FIT.png;;;;;
;;;;;;;
FlowCon EVS;Tech Note;https://ipaper.ipapercms.dk/FlowconInternational/ww/TechNote/FlowConEVS/;https://ipaper.ipapercms.dk/FlowconInternational/ch/TechNote/FlowConEVS/;https://ipaper.ipapercms.dk/FlowconInternational/ww/TechNote/FlowConEVS/;https://ipaper.ipapercms.dk/FlowconInternational/ww/TechNote/FlowConEVS/;https://ipaper.ipapercms.dk/FlowconInternational/ww/TechNote/FlowConEVS/;https://ipaper.ipapercms.dk/FlowconInternational/ww/TechNote/FlowConEVS/
;;;;;;;
;Instruction;https://ipaper.ipapercms.dk/FlowconInternational/WW/instructions/FlowConEVS/;https://ipaper.ipapercms.dk/FlowconInternational/ch/instructions/FlowConEVS/;https://ipaper.ipapercms.dk/FlowconInternational/WW/instructions/FlowConEVS/;https://ipaper.ipapercms.dk/FlowconInternational/WW/instructions/FlowConEVS/;https://ipaper.ipapercms.dk/FlowconInternational/WW/instructions/FlowConEVS/;https://ipaper.ipapercms.dk/FlowconInternational/WW/instructions/FlowConEVS/
;;;;;;;
;Instruction EV act.;https://ipaper.ipapercms.dk/FlowconInternational/WW/instructions/FlowConEV/;https://ipaper.ipapercms.dk/FlowconInternational/ch/instructions/FlowConEV/;https://ipaper.ipapercms.dk/FlowconInternational/WW/instructions/FlowConEV/;https://ipaper.ipapercms.dk/FlowconInternational/WW/instructions/FlowConEV/;https://ipaper.ipapercms.dk/FlowconInternational/WW/instructions/FlowConEV/;https://ipaper.ipapercms.dk/FlowconInternational/WW/instructions/FlowConEV/
;;;;;;;
;General Instruction;https://ipaper.ipapercms.dk/FlowconInternational/ww/Instructions/FlowCon-general/;https://ipaper.ipapercms.dk/FlowconInternational/CH/Instructions/FlowCon-general-instruction/;https://ipaper.ipapercms.dk/FlowconInternational/ww/Instructions/FlowCon-general/;https://ipaper.ipapercms.dk/FlowconInternational/ww/Instructions/FlowCon-general/;https://ipaper.ipapercms.dk/FlowconInternational/ww/Instructions/FlowCon-general/;https://ipaper.ipapercms.dk/FlowconInternational/ww/Instructions/FlowCon-general/
;;;;;;;
;Animation;https://youtu.be/MnMPXeiIiRQ;https://go.plvideo.cn/front/video/view?vid=8d08c542d5239820b6fb33d704db7143_8;https://youtu.be/xAeoe_VDkoM;https://youtu.be/HAOcBcEX650;https://youtu.be/BVW49NqgpNE;https://youtu.be/w2qpK4HevBo
;;;;;;;
;Brochure;https://ipaper.ipapercms.dk/FlowconInternational/WW/Brochure/FlowConEVSEVCABM/;https://ipaper.ipapercms.dk/FlowconInternational/ch/Brochure/FlowConEVSEVCABM/;https://ipaper.ipapercms.dk/FlowconInternational/WW/Brochure/FlowConEVSEVCABM/;https://ipaper.ipapercms.dk/FlowconInternational/WW/Brochure/FlowConEVSEVCABM/;https://ipaper.ipapercms.dk/FlowconInternational/WW/Brochure/FlowConEVSEVCABM/;https://ipaper.ipapercms.dk/FlowconInternational/WW/Brochure/FlowConEVSEVCABM/
;;;;;;;
;Image;https://flowcon.com/fileadmin/user_upload/Pictures/App/FlowCon-EVS.png;;;;;
;;;;;;;
FlowCon E-JUST;Tech Note;https://ipaper.ipapercms.dk/FlowconInternational/ww/TechNote/FlowConEJUST/;https://ipaper.ipapercms.dk/FlowconInternational/ch/TechNote/FlowConEJUST/;https://ipaper.ipapercms.dk/FlowconInternational/ww/TechNote/FlowConEJUST/;https://ipaper.ipapercms.dk/FlowconInternational/ww/TechNote/FlowConEJUST/;https://ipaper.ipapercms.dk/FlowconInternational/ww/TechNote/FlowConEJUST/;https://ipaper.ipapercms.dk/FlowconInternational/ww/TechNote/FlowConEJUST/
;;;;;;;
;Instruction;https://ipaper.ipapercms.dk/FlowconInternational/WW/instructions/FlowConejust/;https://ipaper.ipapercms.dk/FlowconInternational/ch/instructions/FlowConejust/;https://ipaper.ipapercms.dk/FlowconInternational/WW/instructions/FlowConejust/;https://ipaper.ipapercms.dk/FlowconInternational/WW/instructions/FlowConejust/;https://ipaper.ipapercms.dk/FlowconInternational/WW/instructions/FlowConejust/;https://ipaper.ipapercms.dk/FlowconInternational/WW/instructions/FlowConejust/
;;;;;;;
;General Instruction;https://ipaper.ipapercms.dk/FlowconInternational/ww/Instructions/FlowCon-general/;https://ipaper.ipapercms.dk/FlowconInternational/CH/Instructions/FlowCon-general-instruction/;https://ipaper.ipapercms.dk/FlowconInternational/ww/Instructions/FlowCon-general/;https://ipaper.ipapercms.dk/FlowconInternational/ww/Instructions/FlowCon-general/;https://ipaper.ipapercms.dk/FlowconInternational/ww/Instructions/FlowCon-general/;https://ipaper.ipapercms.dk/FlowconInternational/ww/Instructions/FlowCon-general/
;;;;;;;
;Animation;https://youtu.be/8rfjAeIAAbM;https://go.plvideo.cn/front/video/view?vid=8d08c542d5263df1086aebc99d425c36_8;https://youtu.be/8bvbCunnKUg;https://youtu.be/Q9ltUss9-IE;https://youtu.be/8rfjAeIAAbM;https://youtu.be/-u8SM6st5u4
;;;;;;;
;Brochure;https://ipaper.ipapercms.dk/FlowconInternational/WW/Brochure/FlowConejust/;https://ipaper.ipapercms.dk/FlowconInternational/ch/Brochure/FlowConejust/;https://ipaper.ipapercms.dk/FlowconInternational/WW/Brochure/FlowConejust/;https://ipaper.ipapercms.dk/FlowconInternational/WW/Brochure/FlowConejust/;https://ipaper.ipapercms.dk/FlowconInternational/WW/Brochure/FlowConejust/;https://ipaper.ipapercms.dk/FlowconInternational/WW/Brochure/FlowConejust/
;;;;;;;
;Image;https://flowcon.com/fileadmin/user_upload/Pictures/App/FlowCon-EJUST.png;;;;;
;;;;;;;
FlowCon Wafer;Tech Note;https://ipaper.ipapercms.dk/FlowconInternational/ww/TechNote/FlowConWafer/;https://ipaper.ipapercms.dk/FlowconInternational/ch/TechNote/FlowConWafer/;https://ipaper.ipapercms.dk/FlowconInternational/ww/TechNote/FlowConWafer/;https://ipaper.ipapercms.dk/FlowconInternational/ww/TechNote/FlowConWafer/;https://ipaper.ipapercms.dk/FlowconInternational/ww/TechNote/FlowConWafer/;https://ipaper.ipapercms.dk/FlowconInternational/ww/TechNote/FlowConWafer/
;;;;;;;
;Instruction;https://ipaper.ipapercms.dk/FlowconInternational/WW/instructions/FlowConWafer/;https://ipaper.ipapercms.dk/FlowconInternational/ch/instructions/FlowCon-Wafer/;https://ipaper.ipapercms.dk/FlowconInternational/WW/instructions/FlowConWafer/;https://ipaper.ipapercms.dk/FlowconInternational/WW/instructions/FlowConWafer/;https://ipaper.ipapercms.dk/FlowconInternational/WW/instructions/FlowConWafer/;https://ipaper.ipapercms.dk/FlowconInternational/WW/instructions/FlowConWafer/
;;;;;;;
;General Instruction;https://ipaper.ipapercms.dk/FlowconInternational/ww/Instructions/FlowCon-general/;https://ipaper.ipapercms.dk/FlowconInternational/CH/Instructions/FlowCon-general-instruction/;https://ipaper.ipapercms.dk/FlowconInternational/ww/Instructions/FlowCon-general/;https://ipaper.ipapercms.dk/FlowconInternational/ww/Instructions/FlowCon-general/;https://ipaper.ipapercms.dk/FlowconInternational/ww/Instructions/FlowCon-general/;https://ipaper.ipapercms.dk/FlowconInternational/ww/Instructions/FlowCon-general/
;;;;;;;
;Animation;;;;;;
;;;;;;;
;Brochure;https://ipaper.ipapercms.dk/FlowconInternational/WW/Brochure/FlowConHighFlow/;https://ipaper.ipapercms.dk/FlowconInternational/ch/Brochure/FlowConHighFlow/;https://ipaper.ipapercms.dk/FlowconInternational/WW/Brochure/FlowConHighFlow/;https://ipaper.ipapercms.dk/FlowconInternational/WW/Brochure/FlowConHighFlow/;https://ipaper.ipapercms.dk/FlowconInternational/WW/Brochure/FlowConHighFlow/;https://ipaper.ipapercms.dk/FlowconInternational/WW/Brochure/FlowConHighFlow/
;;;;;;;
;Image;https://flowcon.com/fileadmin/user_upload/Pictures/App/FlowCon-Wafer.png;;;;;
;;;;;;;
FlowCon EDP;Tech Note;https://ipaper.ipapercms.dk/FlowconInternational/ww/TechNote/FlowCon-edp/;https://ipaper.ipapercms.dk/FlowconInternational/ch/TechNote/FlowCon-edp/;https://ipaper.ipapercms.dk/FlowconInternational/ww/TechNote/FlowCon-edp/;https://ipaper.ipapercms.dk/FlowconInternational/ww/TechNote/FlowCon-edp/;https://ipaper.ipapercms.dk/FlowconInternational/ww/TechNote/FlowCon-edp/;https://ipaper.ipapercms.dk/FlowconInternational/ww/TechNote/FlowCon-edp/
;;;;;;;
;Instruction;https://ipaper.ipapercms.dk/FlowconInternational/ww/Instructions/FlowCon-edp/;https://ipaper.ipapercms.dk/FlowconInternational/ch/Instructions/FlowCon-edp/;https://ipaper.ipapercms.dk/FlowconInternational/ww/Instructions/FlowCon-edp/;https://ipaper.ipapercms.dk/FlowconInternational/ww/Instructions/FlowCon-edp/;https://ipaper.ipapercms.dk/FlowconInternational/ww/Instructions/FlowCon-edp/;https://ipaper.ipapercms.dk/FlowconInternational/ww/Instructions/FlowCon-edp/
;;;;;;;
;General Instruction;https://ipaper.ipapercms.dk/FlowconInternational/ww/Instructions/FlowCon-general/;https://ipaper.ipapercms.dk/FlowconInternational/CH/Instructions/FlowCon-general-instruction/;https://ipaper.ipapercms.dk/FlowconInternational/ww/Instructions/FlowCon-general/;https://ipaper.ipapercms.dk/FlowconInternational/ww/Instructions/FlowCon-general/;https://ipaper.ipapercms.dk/FlowconInternational/ww/Instructions/FlowCon-general/;https://ipaper.ipapercms.dk/FlowconInternational/ww/Instructions/FlowCon-general/
;;;;;;;
;Animation;https://youtu.be/X1bHTtlEHZE;https://go.plvideo.cn/front/video/view?vid=8d08c542d587b282be8f86859880661b_8;https://youtu.be/VXgatF7c_uk;https://youtu.be/X1bHTtlEHZE;https://youtu.be/X1bHTtlEHZE;https://youtu.be/bSfUPmb8kxI
;;;;;;;
;Brochure;https://ipaper.ipapercms.dk/FlowconInternational/WW/Brochure/FlowCondpcv/;https://ipaper.ipapercms.dk/FlowconInternational/ch/Brochure/FlowCondpcv/;https://ipaper.ipapercms.dk/FlowconInternational/WW/Brochure/FlowCondpcv/;https://ipaper.ipapercms.dk/FlowconInternational/WW/Brochure/FlowCondpcv/;https://ipaper.ipapercms.dk/FlowconInternational/WW/Brochure/FlowCondpcv/;https://ipaper.ipapercms.dk/FlowconInternational/WW/Brochure/FlowCondpcv/
;;;;;;;
;Image;https://flowcon.com/fileadmin/user_upload/Pictures/App/FlowCon-EDP.png;;;;;
;;;;;;;
FlowCon PIM-DP;Tech Note;https://ipaper.ipapercms.dk/FlowconInternational/ww/TechNote/FlowCon-pim-dp-tech-note/;https://ipaper.ipapercms.dk/FlowconInternational/ch/TechNote/FlowCon-pim-dp/;https://ipaper.ipapercms.dk/FlowconInternational/ww/TechNote/FlowCon-pim-dp-tech-note/;https://ipaper.ipapercms.dk/FlowconInternational/ww/TechNote/FlowCon-pim-dp-tech-note/;https://ipaper.ipapercms.dk/FlowconInternational/ww/TechNote/FlowCon-pim-dp-tech-note/;https://ipaper.ipapercms.dk/FlowconInternational/ww/TechNote/FlowCon-pim-dp-tech-note/
;;;;;;;
;Instruction;https://ipaper.ipapercms.dk/FlowconInternational/ww/Instructions/FlowCon-pim-dp-instructions/;https://ipaper.ipapercms.dk/FlowconInternational/ch/Instructions/FlowCon-pim-dp/;https://ipaper.ipapercms.dk/FlowconInternational/ww/Instructions/FlowCon-pim-dp-instructions/;https://ipaper.ipapercms.dk/FlowconInternational/ww/Instructions/FlowCon-pim-dp-instructions/;https://ipaper.ipapercms.dk/FlowconInternational/ww/Instructions/FlowCon-pim-dp-instructions/;https://ipaper.ipapercms.dk/FlowconInternational/ww/Instructions/FlowCon-pim-dp-instructions/
;;;;;;;
;General Instruction;https://ipaper.ipapercms.dk/FlowconInternational/ww/Instructions/FlowCon-general/;https://ipaper.ipapercms.dk/FlowconInternational/CH/Instructions/FlowCon-general-instruction/;https://ipaper.ipapercms.dk/FlowconInternational/ww/Instructions/FlowCon-general/;https://ipaper.ipapercms.dk/FlowconInternational/ww/Instructions/FlowCon-general/;https://ipaper.ipapercms.dk/FlowconInternational/ww/Instructions/FlowCon-general/;https://ipaper.ipapercms.dk/FlowconInternational/ww/Instructions/FlowCon-general/
;;;;;;;
;Animation;;;;;;
;;;;;;;
;Brochure;https://ipaper.ipapercms.dk/FlowconInternational/WW/Brochure/FlowCondpcv/;https://ipaper.ipapercms.dk/FlowconInternational/ch/Brochure/FlowCondpcv/;https://ipaper.ipapercms.dk/FlowconInternational/WW/Brochure/FlowCondpcv/;https://ipaper.ipapercms.dk/FlowconInternational/WW/Brochure/FlowCondpcv/;https://ipaper.ipapercms.dk/FlowconInternational/WW/Brochure/FlowCondpcv/;https://ipaper.ipapercms.dk/FlowconInternational/WW/Brochure/FlowCondpcv/
;;;;;;;
;Image;https://flowcon.com/fileadmin/user_upload/Pictures/App/FlowCon-PIM-DP.png;;;;;
;;;;;;;
FlowCon SDP;Tech Note;https://ipaper.ipapercms.dk/FlowconInternational/ww/TechNote/FlowConsdp/;https://ipaper.ipapercms.dk/FlowconInternational/ch/TechNote/FlowCon-sdp/;https://ipaper.ipapercms.dk/FlowconInternational/ww/TechNote/FlowConsdp/;https://ipaper.ipapercms.dk/FlowconInternational/ww/TechNote/FlowConsdp/;https://ipaper.ipapercms.dk/FlowconInternational/ww/TechNote/FlowConsdp/;https://ipaper.ipapercms.dk/FlowconInternational/ww/TechNote/FlowConsdp/
;;;;;;;
;Instruction;https://ipaper.ipapercms.dk/FlowconInternational/ww/Instructions/FlowConsdp/;https://ipaper.ipapercms.dk/FlowconInternational/ch/Instructions/FlowCon-sdp/;https://ipaper.ipapercms.dk/FlowconInternational/ww/Instructions/FlowConsdp/;https://ipaper.ipapercms.dk/FlowconInternational/ww/Instructions/FlowConsdp/;https://ipaper.ipapercms.dk/FlowconInternational/ww/Instructions/FlowConsdp/;https://ipaper.ipapercms.dk/FlowconInternational/ww/Instructions/FlowConsdp/
;;;;;;;
;General Instruction;https://ipaper.ipapercms.dk/FlowconInternational/ww/Instructions/FlowCon-general/;https://ipaper.ipapercms.dk/FlowconInternational/CH/Instructions/FlowCon-general-instruction/;https://ipaper.ipapercms.dk/FlowconInternational/ww/Instructions/FlowCon-general/;https://ipaper.ipapercms.dk/FlowconInternational/ww/Instructions/FlowCon-general/;https://ipaper.ipapercms.dk/FlowconInternational/ww/Instructions/FlowCon-general/;https://ipaper.ipapercms.dk/FlowconInternational/ww/Instructions/FlowCon-general/
;;;;;;;
;Animation;;;;;;
;;;;;;;
;Brochure;https://ipaper.ipapercms.dk/FlowconInternational/WW/Brochure/FlowCondpcv/;https://ipaper.ipapercms.dk/FlowconInternational/ch/Brochure/FlowCondpcv/;https://ipaper.ipapercms.dk/FlowconInternational/WW/Brochure/FlowCondpcv/;https://ipaper.ipapercms.dk/FlowconInternational/WW/Brochure/FlowCondpcv/;https://ipaper.ipapercms.dk/FlowconInternational/WW/Brochure/FlowCondpcv/;https://ipaper.ipapercms.dk/FlowconInternational/WW/Brochure/FlowCondpcv/
;;;;;;;
;Image;https://flowcon.com/fileadmin/user_upload/Pictures/App/FlowCon-SDP.png;;;;;
;;;;;;;
FlowCon ADP;Tech Note;https://ipaper.ipapercms.dk/FlowconInternational/ww/TechNote/FlowConadp/;https://ipaper.ipapercms.dk/FlowconInternational/ch/TechNote/FlowConadp/;https://ipaper.ipapercms.dk/FlowconInternational/ww/TechNote/FlowConadp/;https://ipaper.ipapercms.dk/FlowconInternational/ww/TechNote/FlowConadp/;https://ipaper.ipapercms.dk/FlowconInternational/ww/TechNote/FlowConadp/;https://ipaper.ipapercms.dk/FlowconInternational/ww/TechNote/FlowConadp/
;;;;;;;
;Instruction;https://ipaper.ipapercms.dk/FlowconInternational/ww/Instructions/FlowConadp/;https://ipaper.ipapercms.dk/FlowconInternational/ch/Instructions/FlowConadp/;https://ipaper.ipapercms.dk/FlowconInternational/ww/Instructions/FlowConadp/;https://ipaper.ipapercms.dk/FlowconInternational/ww/Instructions/FlowConadp/;https://ipaper.ipapercms.dk/FlowconInternational/ww/Instructions/FlowConadp/;https://ipaper.ipapercms.dk/FlowconInternational/ww/Instructions/FlowConadp/
;;;;;;;
;Instruction FT act.;https://ipaper.ipapercms.dk/FlowconInternational/WW/instructions/FlowConFT/;https://ipaper.ipapercms.dk/FlowconInternational/ch/instructions/FlowConFT/;https://ipaper.ipapercms.dk/FlowconInternational/WW/instructions/FlowConFT/;https://ipaper.ipapercms.dk/FlowconInternational/WW/instructions/FlowConFT/;https://ipaper.ipapercms.dk/FlowconInternational/WW/instructions/FlowConFT/;https://ipaper.ipapercms.dk/FlowconInternational/WW/instructions/FlowConFT/
;;;;;;;
;General Instruction;https://ipaper.ipapercms.dk/FlowconInternational/ww/Instructions/FlowCon-general/;https://ipaper.ipapercms.dk/FlowconInternational/CH/Instructions/FlowCon-general-instruction/;https://ipaper.ipapercms.dk/FlowconInternational/ww/Instructions/FlowCon-general/;https://ipaper.ipapercms.dk/FlowconInternational/ww/Instructions/FlowCon-general/;https://ipaper.ipapercms.dk/FlowconInternational/ww/Instructions/FlowCon-general/;https://ipaper.ipapercms.dk/FlowconInternational/ww/Instructions/FlowCon-general/
;;;;;;;
;Animation;;;;;;
;;;;;;;
;Brochure;https://ipaper.ipapercms.dk/FlowconInternational/WW/Brochure/FlowCondpcv/;https://ipaper.ipapercms.dk/FlowconInternational/ch/Brochure/FlowCondpcv/;https://ipaper.ipapercms.dk/FlowconInternational/WW/Brochure/FlowCondpcv/;https://ipaper.ipapercms.dk/FlowconInternational/WW/Brochure/FlowCondpcv/;https://ipaper.ipapercms.dk/FlowconInternational/WW/Brochure/FlowCondpcv/;https://ipaper.ipapercms.dk/FlowconInternational/WW/Brochure/FlowCondpcv/
;;;;;;;
;Image;https://flowcon.com/fileadmin/user_upload/Pictures/App/FlowCon-ADP.png;;;;;
;;;;;;;
FlowCon QuickDisc;Tech Note;https://ipaper.ipapercms.dk/FlowconInternational/ww/TechNote/FlowCon-quickdisc/;https://ipaper.ipapercms.dk/FlowconInternational/ch/TechNote/FlowCon-quickdisc/;https://ipaper.ipapercms.dk/FlowconInternational/ww/TechNote/FlowCon-quickdisc/;https://ipaper.ipapercms.dk/FlowconInternational/ww/TechNote/FlowCon-quickdisc/;https://ipaper.ipapercms.dk/FlowconInternational/ww/TechNote/FlowCon-quickdisc/;https://ipaper.ipapercms.dk/FlowconInternational/ww/TechNote/FlowCon-quickdisc/
;;;;;;;
;Instruction;https://ipaper.ipapercms.dk/FlowconInternational/ww/Instructions/FlowCon-quickdisc/;https://ipaper.ipapercms.dk/FlowconInternational/ch/Instructions/FlowCon-quickdisc/;https://ipaper.ipapercms.dk/FlowconInternational/ww/Instructions/FlowCon-quickdisc/;https://ipaper.ipapercms.dk/FlowconInternational/ww/Instructions/FlowCon-quickdisc/;https://ipaper.ipapercms.dk/FlowconInternational/ww/Instructions/FlowCon-quickdisc/;https://ipaper.ipapercms.dk/FlowconInternational/ww/Instructions/FlowCon-quickdisc/
;;;;;;;
;General Instruction;https://ipaper.ipapercms.dk/FlowconInternational/ww/Instructions/FlowCon-general/;https://ipaper.ipapercms.dk/FlowconInternational/CH/Instructions/FlowCon-general-instruction/;https://ipaper.ipapercms.dk/FlowconInternational/ww/Instructions/FlowCon-general/;https://ipaper.ipapercms.dk/FlowconInternational/ww/Instructions/FlowCon-general/;https://ipaper.ipapercms.dk/FlowconInternational/ww/Instructions/FlowCon-general/;https://ipaper.ipapercms.dk/FlowconInternational/ww/Instructions/FlowCon-general/
;;;;;;;
;Animation;;;;;;
;;;;;;;
;Brochure;https://ipaper.ipapercms.dk/FlowconInternational/WW/Brochure/FlowConpartner/;https://ipaper.ipapercms.dk/FlowconInternational/ch/Brochure/FlowConpartner/;https://ipaper.ipapercms.dk/FlowconInternational/WW/Brochure/FlowConpartner/;https://ipaper.ipapercms.dk/FlowconInternational/WW/Brochure/FlowConpartner/;https://ipaper.ipapercms.dk/FlowconInternational/WW/Brochure/FlowConpartner/;https://ipaper.ipapercms.dk/FlowconInternational/WW/Brochure/FlowConpartner/
;;;;;;;
;Image;https://flowcon.com/fileadmin/user_upload/Pictures/App/FlowCon-QuickDisc.png;;;;;
;;;;;;;
FlowCon S-JUST;Tech Note;https://ipaper.ipapercms.dk/FlowconInternational/ww/TechNote/FlowConSJUST/;https://ipaper.ipapercms.dk/FlowconInternational/ww/TechNote/FlowConSJUST/;https://ipaper.ipapercms.dk/FlowconInternational/ww/TechNote/FlowConSJUST/;https://ipaper.ipapercms.dk/FlowconInternational/ww/TechNote/FlowConSJUST/;https://ipaper.ipapercms.dk/FlowconInternational/ww/TechNote/FlowConSJUST/;https://ipaper.ipapercms.dk/FlowconInternational/ww/TechNote/FlowConSJUST/
;;;;;;;
;Instruction;https://ipaper.ipapercms.dk/FlowconInternational/ww/Instructions/FlowConSJUST/;https://ipaper.ipapercms.dk/FlowconInternational/ch/Instructions/FlowConSJUST/;https://ipaper.ipapercms.dk/FlowconInternational/ww/Instructions/FlowConSJUST/;https://ipaper.ipapercms.dk/FlowconInternational/ww/Instructions/FlowConSJUST/;https://ipaper.ipapercms.dk/FlowconInternational/ww/Instructions/FlowConSJUST/;https://ipaper.ipapercms.dk/FlowconInternational/ww/Instructions/FlowConSJUST/
;;;;;;;
;General Instruction;https://ipaper.ipapercms.dk/FlowconInternational/ww/Instructions/FlowCon-general/;https://ipaper.ipapercms.dk/FlowconInternational/CH/Instructions/FlowCon-general-instruction/;https://ipaper.ipapercms.dk/FlowconInternational/ww/Instructions/FlowCon-general/;https://ipaper.ipapercms.dk/FlowconInternational/ww/Instructions/FlowCon-general/;https://ipaper.ipapercms.dk/FlowconInternational/ww/Instructions/FlowCon-general/;https://ipaper.ipapercms.dk/FlowconInternational/ww/Instructions/FlowCon-general/
;;;;;;;
;Animation;;;;;;
;;;;;;;
;Brochure;https://ipaper.ipapercms.dk/FlowconInternational/WW/Brochure/FlowConpartner/;https://ipaper.ipapercms.dk/FlowconInternational/ch/Brochure/FlowConpartner/;https://ipaper.ipapercms.dk/FlowconInternational/WW/Brochure/FlowConpartner/;https://ipaper.ipapercms.dk/FlowconInternational/WW/Brochure/FlowConpartner/;https://ipaper.ipapercms.dk/FlowconInternational/WW/Brochure/FlowConpartner/;https://ipaper.ipapercms.dk/FlowconInternational/WW/Brochure/FlowConpartner/
;;;;;;;
;Image;https://flowcon.com/fileadmin/user_upload/Pictures/App/FlowCon-SJUST.png;;;;;
;;;;;;;
FlowCon Partner Ball;Tech Note;https://ipaper.ipapercms.dk/FlowconInternational/ww/TechNote/FlowCon-partnerball/;https://ipaper.ipapercms.dk/FlowconInternational/ch/TechNote/FlowCon-partner-ball/;https://ipaper.ipapercms.dk/FlowconInternational/ww/TechNote/FlowCon-partnerball/;https://ipaper.ipapercms.dk/FlowconInternational/ww/TechNote/FlowCon-partnerball/;https://ipaper.ipapercms.dk/FlowconInternational/ww/TechNote/FlowCon-partnerball/;https://ipaper.ipapercms.dk/FlowconInternational/ww/TechNote/FlowCon-partnerball/
;;;;;;;
;Instruction;https://ipaper.ipapercms.dk/FlowconInternational/ww/Instructions/FlowCon-partnerball/;https://ipaper.ipapercms.dk/FlowconInternational/ch/Instructions/FlowCon-partner-ball/;https://ipaper.ipapercms.dk/FlowconInternational/ww/Instructions/FlowCon-partnerball/;https://ipaper.ipapercms.dk/FlowconInternational/ww/Instructions/FlowCon-partnerball/;https://ipaper.ipapercms.dk/FlowconInternational/ww/Instructions/FlowCon-partnerball/;https://ipaper.ipapercms.dk/FlowconInternational/ww/Instructions/FlowCon-partnerball/
;;;;;;;
;General Instruction;https://ipaper.ipapercms.dk/FlowconInternational/ww/Instructions/FlowCon-general/;https://ipaper.ipapercms.dk/FlowconInternational/CH/Instructions/FlowCon-general-instruction/;https://ipaper.ipapercms.dk/FlowconInternational/ww/Instructions/FlowCon-general/;https://ipaper.ipapercms.dk/FlowconInternational/ww/Instructions/FlowCon-general/;https://ipaper.ipapercms.dk/FlowconInternational/ww/Instructions/FlowCon-general/;https://ipaper.ipapercms.dk/FlowconInternational/ww/Instructions/FlowCon-general/
;;;;;;;
;Animation;;;;;;
;;;;;;;
;Brochure;https://ipaper.ipapercms.dk/FlowconInternational/WW/Brochure/FlowConpartner/;https://ipaper.ipapercms.dk/FlowconInternational/ch/Brochure/FlowConpartner/;https://ipaper.ipapercms.dk/FlowconInternational/WW/Brochure/FlowConpartner/;https://ipaper.ipapercms.dk/FlowconInternational/WW/Brochure/FlowConpartner/;https://ipaper.ipapercms.dk/FlowconInternational/WW/Brochure/FlowConpartner/;https://ipaper.ipapercms.dk/FlowconInternational/WW/Brochure/FlowConpartner/
;;;;;;;
;Image;https://flowcon.com/fileadmin/user_upload/Pictures/App/FlowCon-Partner-Ball.png;;;;;
;;;;;;;
FlowCon Partner Globe;Tech Note;https://ipaper.ipapercms.dk/FlowconInternational/ww/TechNote/FlowCon-partnerglobe/;https://ipaper.ipapercms.dk/FlowconInternational/ch/TechNote/FlowCon-partner-globe/;https://ipaper.ipapercms.dk/FlowconInternational/ww/TechNote/FlowCon-partnerglobe/;https://ipaper.ipapercms.dk/FlowconInternational/ww/TechNote/FlowCon-partnerglobe/;https://ipaper.ipapercms.dk/FlowconInternational/ww/TechNote/FlowCon-partnerglobe/;https://ipaper.ipapercms.dk/FlowconInternational/ww/TechNote/FlowCon-partnerglobe/
;;;;;;;
;Instruction;https://ipaper.ipapercms.dk/FlowconInternational/ww/Instructions/FlowCon-partnerglobe/;https://ipaper.ipapercms.dk/FlowconInternational/ch/Instructions/FlowCon-partner-globe/;https://ipaper.ipapercms.dk/FlowconInternational/ww/Instructions/FlowCon-partnerglobe/;https://ipaper.ipapercms.dk/FlowconInternational/ww/Instructions/FlowCon-partnerglobe/;https://ipaper.ipapercms.dk/FlowconInternational/ww/Instructions/FlowCon-partnerglobe/;https://ipaper.ipapercms.dk/FlowconInternational/ww/Instructions/FlowCon-partnerglobe/
;;;;;;;
;General Instruction;https://ipaper.ipapercms.dk/FlowconInternational/ww/Instructions/FlowCon-general/;https://ipaper.ipapercms.dk/FlowconInternational/CH/Instructions/FlowCon-general-instruction/;https://ipaper.ipapercms.dk/FlowconInternational/ww/Instructions/FlowCon-general/;https://ipaper.ipapercms.dk/FlowconInternational/ww/Instructions/FlowCon-general/;https://ipaper.ipapercms.dk/FlowconInternational/ww/Instructions/FlowCon-general/;https://ipaper.ipapercms.dk/FlowconInternational/ww/Instructions/FlowCon-general/
;;;;;;;
;Animation;;;;;;
;;;;;;;
;Brochure;https://ipaper.ipapercms.dk/FlowconInternational/WW/Brochure/FlowConpartner/;https://ipaper.ipapercms.dk/FlowconInternational/ch/Brochure/FlowConpartner/;https://ipaper.ipapercms.dk/FlowconInternational/WW/Brochure/FlowConpartner/;https://ipaper.ipapercms.dk/FlowconInternational/WW/Brochure/FlowConpartner/;https://ipaper.ipapercms.dk/FlowconInternational/WW/Brochure/FlowConpartner/;https://ipaper.ipapercms.dk/FlowconInternational/WW/Brochure/FlowConpartner/
;;;;;;;
;Image;https://flowcon.com/fileadmin/user_upload/Pictures/App/FlowCon-Partner-Globe.png;;;;;
